cohort,participant_id,subject,trained_ear,latin_order,block_order,status,analysis_set,stimulus,days,games,final_2x2,day1_impairment_deg,laser_offset_deg,day1_eg_drop,exclusion_reason,block_1,block_2,block_3,block_4
run_2607_2609,1,FS,left,1,A-B-D-C,included,include,noise,4,38,complete,+13.6 raw / +17.2 laser-corr,+3.3,0.84->0.37 = 0.47,"INCLUDED under the 2026-09-29 rule: completed the final 2x2 AND passes the day-1 manipulation check (PE impairment >= +5 deg raw OR EG drop >= 0.22, i.e. ~2 SE on either metric). Passes both (PE +13.6, EG drop 0.47). Noise era: trained and tested on noise; declared in the paper.",A: trained-ear / same-loc (baseline),B: trained-ear / mirrored-loc,D: untrained-ear / mirrored-loc (main),C: untrained-ear / same-loc
run_2607_2609,2,FP,left,2,B-C-A-D,excluded,exclude_protocol,ripple,4,38,missing,+9.3,+0.2,0.79->0.30 = 0.49,"EXCLUDED on protocol non-completion, outcome-independent. FP: age 41, outside the 18-40 inclusion criterion; day 4 was one PRE block and five games, no final 2x2. Passed the manipulation check, so the ground is completion, not the manipulation. Row retained so learning_transfer.py can still resolve this id. [2026-09-29: passes the manipulation check on both metrics (EG drop 0.49); exclusion ground is non-completion only.]",B: trained-ear / mirrored-loc,C: untrained-ear / same-loc,A: trained-ear / same-loc (baseline),D: untrained-ear / mirrored-loc (main)
run_2607_2609,3,AS,left,3,C-D-B-A,included,include,ripple,4,48,complete,+4.1 raw / +2.4 laser-corr,-2.8,0.63->0.35 = 0.28,"INCLUDED under the 2026-09-29 rule: completed the final 2x2 AND passes the day-1 manipulation check (PE impairment >= +5 deg raw OR EG drop >= 0.22, i.e. ~2 SE on either metric). Passes on EG only (drop 0.28, ~2.5 SE); PE +4.1 raw / +2.4 laser-corr fails. RE-INCLUDED 2026-09-29 (excluded 2026-09-28 under the >= +8 deg corrected-PE rule). Gain compressed without much accuracy loss.",C: untrained-ear / same-loc,D: untrained-ear / mirrored-loc (main),B: trained-ear / mirrored-loc,A: trained-ear / same-loc (baseline)
run_2607_2609,4,IR,left,4,D-A-C-B,included,include,uso->noise,4,48,complete,+9.6 raw / +11.5 laser-corr,+2.2,0.49->0.20 = 0.29,"INCLUDED under the 2026-09-29 rule: completed the final 2x2 AND passes the day-1 manipulation check (PE impairment >= +5 deg raw OR EG drop >= 0.22, i.e. ~2 SE on either metric). Passes both (PE +9.6, EG drop 0.29). Day-1 blocks on uso, finals on noise (confounded); declared in the paper.",D: untrained-ear / mirrored-loc (main),A: trained-ear / same-loc (baseline),C: untrained-ear / same-loc,B: trained-ear / mirrored-loc
run_2607_2609,5,LS,right,1,A-B-D-C,included,include,ripple,4,56,complete,+13.9 raw / +13.9 laser-corr,+0.1,1.20->0.09 = 1.11,"INCLUDED under the 2026-09-29 rule: completed the final 2x2 AND passes the day-1 manipulation check (PE impairment >= +5 deg raw OR EG drop >= 0.22, i.e. ~2 SE on either metric). Passes both (PE +13.9, EG drop 1.11). Azimuth render anomaly checked 2026-09-11, does not reach the elevation outcome.",A: trained-ear / same-loc (baseline),B: trained-ear / mirrored-loc,D: untrained-ear / mirrored-loc (main),C: untrained-ear / same-loc
run_2607_2609,6,NR,right,2,B-C-A-D,excluded,exclude_protocol,ripple,3,17,missing,+9.3,+0.6,0.65->0.25 = 0.40,"EXCLUDED on protocol non-completion, outcome-independent. NR: three of four days, 17 training games against 38-56 for everyone else, no final 2x2. Passed the manipulation check, so the ground is completion, not the manipulation. Row retained so learning_transfer.py can still resolve this id. [2026-09-29: passes the manipulation check on both metrics (EG drop 0.40); exclusion ground is non-completion only.]",B: trained-ear / mirrored-loc,C: untrained-ear / same-loc,A: trained-ear / same-loc (baseline),D: untrained-ear / mirrored-loc (main)
run_2607_2609,7,GM,right,3,C-D-B-A,included,include,ripple trained / noise tested,4,48,complete,+5.8 raw / +8.2 laser-corr,+9.0,0.78->0.34 = 0.44,"INCLUDED under the 2026-09-29 rule: completed the final 2x2 AND passes the day-1 manipulation check (PE impairment >= +5 deg raw OR EG drop >= 0.22, i.e. ~2 SE on either metric). Passes on EG (drop 0.44, ~3.9 SE); PE +5.8 raw. Own-HRTF block (07.09) and first A block (08.09) are on DIFFERENT days, so raw PE mixes two laser offsets (+9.0 / ~+3); EG is immune. Trained on ripple, tested on noise. Adaptation dPE +5.9 confounded with a 9.8 deg drop in elevation bias; no own-HRTF block on her final day.",C: untrained-ear / same-loc,D: untrained-ear / mirrored-loc (main),B: trained-ear / mirrored-loc,A: trained-ear / same-loc (baseline)
run_2607_2609,8,PF,right,4,D-A-C-B,not_a_participant,not_a_participant,-,1,2,none,-,-,,"Paul's own self-test (2 training games, no donor localization blocks ever run). Occupies no design cell. Cell R/4 reopened.",D: untrained-ear / mirrored-loc (main),A: trained-ear / same-loc (baseline),C: untrained-ear / same-loc,B: trained-ear / mirrored-loc
ripple_n8,9,SH,left,1,A-B-D-C,running,pending,ripple,1,0,,+5.5 raw / +5.8 laser-corr (baseline A),-1.5,0.69->0.29 = 0.40,"Day 1 2026-09-28. Donor GM right ear -> SH left (cross-ear, SH_donor_GM-R_env4_left). The screen rejected all three candidates; Paul kept GM on the midline binaural test (EG 0.41, 60% retained, impairment +5.0) — the 55% ceiling sat 0.24 SE from the estimate, so that rejection was noise. Day-1 A EG 0.29 (42% of own 0.69), B 0.08, D 0.21, C 0.13. First subject with matched ripple on dome and AR, first with day-1 A/B/C/D, first with calibration_poses recorded on every block. Four externalization ratings (later subjects: A and D only). [2026-09-29: passes the manipulation check on both metrics (PE +5.5, EG drop 0.40 ~3.5 SE); pending completion of the final 2x2.]",A: trained-ear / same-loc (baseline),B: trained-ear / mirrored-loc,D: untrained-ear / mirrored-loc (main),C: untrained-ear / same-loc
ripple_n8,10,LGL,left,2,B-C-A-D,running,pending,ripple,1,0,,+6.9 raw / +6.3 laser-corr,-8.3,0.87->0.37 = 0.50,"Day 1 2026-09-29. Donor LS right ear -> LGL left (LGL_donor_LS-R_env4_left). Passes the manipulation check on both metrics (PE +6.9, EG drop 0.50); pending completion of the final 2x2.",B: trained-ear / mirrored-loc,C: untrained-ear / same-loc,A: trained-ear / same-loc (baseline),D: untrained-ear / mirrored-loc (main)
ripple_n8,11,PA,left,3,C-D-B-A,running,pending,ripple,1,0,,+12.3 raw / +11.7 laser-corr,+1.9,0.99->0.20 = 0.79,"Day 1 2026-09-29. Donor AGV right ear -> PA left (PA_donor_AGV-R_env4_left). Passes the manipulation check on both metrics (PE +12.3, EG drop 0.79); pending completion of the final 2x2.",C: untrained-ear / same-loc,D: untrained-ear / mirrored-loc (main),B: trained-ear / mirrored-loc,A: trained-ear / same-loc (baseline)
ripple_n8,12,TE,left,4,D-A-C-B,open,open,mixed,,,,,,,Open cell needed to reach N=8 analysable ripple-era subjects (LS R/1 and GM R/3 hold the other two). Fill the subject id on day 1.,D: untrained-ear / mirrored-loc (main),A: trained-ear / same-loc (baseline),C: untrained-ear / same-loc,B: trained-ear / mirrored-loc
ripple_n8,13,(assign),right,2,B-C-A-D,open,open,ripple,,,,,,,Open cell needed to reach N=8 analysable ripple-era subjects (LS R/1 and GM R/3 hold the other two). Fill the subject id on day 1.,B: trained-ear / mirrored-loc,C: untrained-ear / same-loc,A: trained-ear / same-loc (baseline),D: untrained-ear / mirrored-loc (main)
ripple_n8,14,(assign),right,4,D-A-C-B,open,open,ripple,,,,,,,Open cell needed to reach N=8 analysable ripple-era subjects (LS R/1 and GM R/3 hold the other two). Fill the subject id on day 1.,D: untrained-ear / mirrored-loc (main),A: trained-ear / same-loc (baseline),C: untrained-ear / same-loc,B: trained-ear / mirrored-loc
ripple_n16_conditional,15,(assign),left,1,A-B-D-C,conditional,conditional,ripple,,,,,,,"Second replicate, to be run ONLY if the interim check at N=8 shows trained-ear learning outside the 75-trial noise band (dPE_A >= 5.9 deg or dEG_A >= 0.25). See the audit note for the power argument.",A: trained-ear / same-loc (baseline),B: trained-ear / mirrored-loc,D: untrained-ear / mirrored-loc (main),C: untrained-ear / same-loc
ripple_n16_conditional,16,(assign),left,2,B-C-A-D,conditional,conditional,ripple,,,,,,,"Second replicate, to be run ONLY if the interim check at N=8 shows trained-ear learning outside the 75-trial noise band (dPE_A >= 5.9 deg or dEG_A >= 0.25). See the audit note for the power argument.",B: trained-ear / mirrored-loc,C: untrained-ear / same-loc,A: trained-ear / same-loc (baseline),D: untrained-ear / mirrored-loc (main)
ripple_n16_conditional,17,(assign),left,3,C-D-B-A,conditional,conditional,ripple,,,,,,,"Second replicate, to be run ONLY if the interim check at N=8 shows trained-ear learning outside the 75-trial noise band (dPE_A >= 5.9 deg or dEG_A >= 0.25). See the audit note for the power argument.",C: untrained-ear / same-loc,D: untrained-ear / mirrored-loc (main),B: trained-ear / mirrored-loc,A: trained-ear / same-loc (baseline)
ripple_n16_conditional,18,(assign),left,4,D-A-C-B,conditional,conditional,ripple,,,,,,,"Second replicate, to be run ONLY if the interim check at N=8 shows trained-ear learning outside the 75-trial noise band (dPE_A >= 5.9 deg or dEG_A >= 0.25). See the audit note for the power argument.",D: untrained-ear / mirrored-loc (main),A: trained-ear / same-loc (baseline),C: untrained-ear / same-loc,B: trained-ear / mirrored-loc
ripple_n16_conditional,19,(assign),right,1,A-B-D-C,conditional,conditional,ripple,,,,,,,"Second replicate, to be run ONLY if the interim check at N=8 shows trained-ear learning outside the 75-trial noise band (dPE_A >= 5.9 deg or dEG_A >= 0.25). See the audit note for the power argument.",A: trained-ear / same-loc (baseline),B: trained-ear / mirrored-loc,D: untrained-ear / mirrored-loc (main),C: untrained-ear / same-loc
ripple_n16_conditional,20,(assign),right,2,B-C-A-D,conditional,conditional,ripple,,,,,,,"Second replicate, to be run ONLY if the interim check at N=8 shows trained-ear learning outside the 75-trial noise band (dPE_A >= 5.9 deg or dEG_A >= 0.25). See the audit note for the power argument.",B: trained-ear / mirrored-loc,C: untrained-ear / same-loc,A: trained-ear / same-loc (baseline),D: untrained-ear / mirrored-loc (main)
ripple_n16_conditional,21,(assign),right,3,C-D-B-A,conditional,conditional,ripple,,,,,,,"Second replicate, to be run ONLY if the interim check at N=8 shows trained-ear learning outside the 75-trial noise band (dPE_A >= 5.9 deg or dEG_A >= 0.25). See the audit note for the power argument.",C: untrained-ear / same-loc,D: untrained-ear / mirrored-loc (main),B: trained-ear / mirrored-loc,A: trained-ear / same-loc (baseline)
ripple_n16_conditional,22,(assign),right,4,D-A-C-B,conditional,conditional,ripple,,,,,,,"Second replicate, to be run ONLY if the interim check at N=8 shows trained-ear learning outside the 75-trial noise band (dPE_A >= 5.9 deg or dEG_A >= 0.25). See the audit note for the power argument.",D: untrained-ear / mirrored-loc (main),A: trained-ear / same-loc (baseline),C: untrained-ear / same-loc,B: trained-ear / mirrored-loc
